-- phpMyAdmin SQL Dump
-- version 5.0.2
-- https://www.phpmyadmin.net/
--
-- Host: 127.0.0.1
-- Waktu pembuatan: 20 Jul 2020 pada 15.39
-- Versi server: 10.4.11-MariaDB
-- Versi PHP: 7.2.31

SET SQL_MODE = "NO_AUTO_VALUE_ON_ZERO";
START TRANSACTION;
SET time_zone = "+00:00";


/*!40101 SET @OLD_CHARACTER_SET_CLIENT=@@CHARACTER_SET_CLIENT */;
/*!40101 SET @OLD_CHARACTER_SET_RESULTS=@@CHARACTER_SET_RESULTS */;
/*!40101 SET @OLD_COLLATION_CONNECTION=@@COLLATION_CONNECTION */;
/*!40101 SET NAMES utf8mb4 */;

--
-- Database: `toko_online`
--

-- --------------------------------------------------------

--
-- Struktur dari tabel `tb_barang`
--

CREATE TABLE `tb_barang` (
  `id_brg` int(11) NOT NULL,
  `nama_brg` varchar(120) NOT NULL,
  `keterangan` varchar(225) NOT NULL,
  `kategori` varchar(60) NOT NULL,
  `harga` int(11) NOT NULL,
  `stok` int(4) NOT NULL,
  `gambar` text NOT NULL
) ENGINE=InnoDB DEFAULT CHARSET=utf8mb4;

--
-- Dumping data untuk tabel `tb_barang`
--

INSERT INTO `tb_barang` (`id_brg`, `nama_brg`, `keterangan`, `kategori`, `harga`, `stok`, `gambar`) VALUES
(2, 'jacket ', 'jaket boomber', 'pakaian pria', 920000, 3, 'jacket.jpg'),
(3, 'handphone', 'hp vivo', 'elektronik', 5000000, 8, 'hp.jpg'),
(4, 'kamera', 'kamera canon', 'elektronik', 10000000, 3, 'kamera.jpg'),
(5, 'laptopku', 'laptop asus', 'elektronik', 5000000, 10, 'laptop.jpg');

-- --------------------------------------------------------

--
-- Struktur dari tabel `tb_invoice`
--

CREATE TABLE `tb_invoice` (
  `id` int(11) NOT NULL,
  `nama` varchar(50) NOT NULL,
  `alamat` varchar(225) NOT NULL,
  `tgl_pesan` datetime NOT NULL,
  `batas_bayar` datetime NOT NULL
) ENGINE=InnoDB DEFAULT CHARSET=utf8mb4;

--
-- Dumping data untuk tabel `tb_invoice`
--

INSERT INTO `tb_invoice` (`id`, `nama`, `alamat`, `tgl_pesan`, `batas_bayar`) VALUES
(3, 'yuki', 'wertyo', '2020-06-15 10:34:57', '2020-06-16 10:34:57'),
(4, '', '', '2020-06-15 12:35:51', '2020-06-16 12:35:51'),
(5, 'kiki', 'Tengaran rt 08 rw 03 Peterongan Jombang', '2020-06-16 14:25:34', '2020-06-17 14:25:34');

-- --------------------------------------------------------

--
-- Struktur dari tabel `tb_pesanan`
--

CREATE TABLE `tb_pesanan` (
  `id` int(11) NOT NULL,
  `id_invoice` int(11) NOT NULL,
  `id_brg` int(11) NOT NULL,
  `nama_brg` varchar(60) NOT NULL,
  `jumlah` int(5) NOT NULL,
  `harga` int(10) NOT NULL,
  `pilihan` text NOT NULL
) ENGINE=InnoDB DEFAULT CHARSET=utf8mb4;

--
-- Dumping data untuk tabel `tb_pesanan`
--

INSERT INTO `tb_pesanan` (`id`, `id_invoice`, `id_brg`, `nama_brg`, `jumlah`, `harga`, `pilihan`) VALUES
(1, 2, 2, 'jacket ', 1, 920000, ''),
(3, 3, 2, 'jacket ', 1, 920000, ''),
(4, 3, 3, 'handphone', 1, 5000000, ''),
(5, 4, 2, 'jacket ', 1, 920000, ''),
(6, 5, 2, 'jacket ', 1, 920000, ''),
(7, 5, 3, 'handphone', 1, 5000000, '');

--
-- Trigger `tb_pesanan`
--
DELIMITER $$
CREATE TRIGGER `pesanan_penjualan` AFTER INSERT ON `tb_pesanan` FOR EACH ROW BEGIN
	UPDATE tb_barang SET stok = stok-new.jumlah
    WHERE id_brg = new.id_brg;
END
$$
DELIMITER ;

-- --------------------------------------------------------

--
-- Struktur dari tabel `tb_user`
--

CREATE TABLE `tb_user` (
  `id` int(11) NOT NULL,
  `nama` varchar(50) NOT NULL,
  `username` varchar(50) NOT NULL,
  `password` varchar(50) NOT NULL,
  `role_id` tinyint(1) NOT NULL
) ENGINE=InnoDB DEFAULT CHARSET=utf8mb4;

--
-- Dumping data untuk tabel `tb_user`
--

INSERT INTO `tb_user` (`id`, `nama`, `username`, `password`, `role_id`) VALUES
(1, 'admin', 'admin', '123', 1),
(3, 'user', 'user', '123', 2),
(4, 'kiki', 'kiki', '123', 2);

--
-- Indexes for dumped tables
--

--
-- Indeks untuk tabel `tb_barang`
--
ALTER TABLE `tb_barang`
  ADD PRIMARY KEY (`id_brg`);

--
-- Indeks untuk tabel `tb_invoice`
--
ALTER TABLE `tb_invoice`
  ADD PRIMARY KEY (`id`);

--
-- Indeks untuk tabel `tb_pesanan`
--
ALTER TABLE `tb_pesanan`
  ADD PRIMARY KEY (`id`);

--
-- Indeks untuk tabel `tb_user`
--
ALTER TABLE `tb_user`
  ADD PRIMARY KEY (`id`);

--
-- AUTO_INCREMENT untuk tabel yang dibuang
--

--
-- AUTO_INCREMENT untuk tabel `tb_barang`
--
ALTER TABLE `tb_barang`
  MODIFY `id_brg` int(11) NOT NULL AUTO_INCREMENT, AUTO_INCREMENT=9;

--
-- AUTO_INCREMENT untuk tabel `tb_invoice`
--
ALTER TABLE `tb_invoice`
  MODIFY `id` int(11) NOT NULL AUTO_INCREMENT, AUTO_INCREMENT=6;

--
-- AUTO_INCREMENT untuk tabel `tb_pesanan`
--
ALTER TABLE `tb_pesanan`
  MODIFY `id` int(11) NOT NULL AUTO_INCREMENT, AUTO_INCREMENT=8;

--
-- AUTO_INCREMENT untuk tabel `tb_user`
--
ALTER TABLE `tb_user`
  MODIFY `id` int(11) NOT NULL AUTO_INCREMENT, AUTO_INCREMENT=5;
COMMIT;

/*!40101 SET CHARACTER_SET_CLIENT=@OLD_CHARACTER_SET_CLIENT */;
/*!40101 SET CHARACTER_SET_RESULTS=@OLD_CHARACTER_SET_RESULTS */;
/*!40101 SET COLLATION_CONNECTION=@OLD_COLLATION_CONNECTION */;
